title,description,country,city,date,severity,impact,latitude,longitude,type
"Bomb Blast in Kabul Market","A coordinated bomb attack targeted a crowded marketplace in Kabul, resulting in multiple casualties and widespread panic among residents. Emergency services responded promptly, but the incident disrupted daily life and local commerce.","Afghanistan","Kabul","2024-09-25","high","Significant loss of life and property damage.",34.5553,69.2075,"Terrorist Attack"
"Protest in Islamabad Over Fuel Prices","Thousands gathered in Islamabad to protest the recent increase in fuel prices, demanding government intervention and subsidies. The demonstration remained largely peaceful, though a few clashes with police were reported in the outskirts.","Pakistan","Islamabad","2024-10-05","medium","Traffic disruptions and minor injuries.",33.6844,73.0479,"Demonstration/Riot"
"Earthquake Strikes Quetta Region","A moderate earthquake with a magnitude of 5.2 struck the Quetta region, causing structural damage to several buildings and injuring dozens of residents. Rescue operations are ongoing to assist those affected.","Pakistan","Quetta","2024-08-18","high","Building collapses and injuries.",30.1798,66.9750,"Natural Disaster"
"Flooding in Peshawar After Heavy Rains","Unprecedented heavy rains led to severe flooding in Peshawar, submerging roads and homes. The local authorities have initiated evacuation plans and are coordinating with relief organizations to provide assistance.","Pakistan","Peshawar","2024-09-10","high","Displacement of residents and infrastructure damage.",34.0151,71.5249,"Natural Disaster"
"Bombing in Lahore Public Park","A suicide bomber detonated explosives in a popular public park in Lahore during the evening rush hour, causing numerous casualties and instilling fear among the populace.","Pakistan","Lahore","2024-10-02","high","Mass casualties and heightened security measures.",31.5204,74.3587,"Terrorist Attack"
"Demonstration in Kandahar Against Corruption","Citizens of Kandahar organized a large-scale demonstration protesting against government corruption and demanding transparency in public offices. The protest remained peaceful with strong participation from various community groups.","Afghanistan","Kandahar","2024-07-30","medium","Minor road blockages and increased police presence.",31.6289,65.7372,"Demonstration/Riot"
"Bus Accident on Karachi Highway","A passenger bus lost control and collided with a truck on the Karachi Highway, resulting in multiple fatalities and injuries. Emergency responders are working to clear the wreckage and assist the victims.","Pakistan","Karachi","2024-08-22","high","Multiple fatalities and severe injuries.",24.8607,67.0011,"Transport Accident"
"Protests in Herat Over Water Scarcity","Residents of Herat have been protesting against the ongoing water scarcity, demanding better management of water resources and infrastructure improvements to ensure sustainable water supply.","Afghanistan","Herat","2024-09-12","medium","Traffic disruptions and heightened tensions with authorities.",34.3317,62.1699,"Demonstration/Riot"
"Explosion in Peshawar Market","An explosion occurred in a bustling market area of Peshawar, causing panic and casualties among shoppers. Authorities are investigating the incident as a possible terrorist attack.","Pakistan","Peshawar","2024-09-28","high","Casualties and significant property damage.",34.0151,71.5249,"Terrorist Attack"
"Earthquake in Nangarhar Province","A strong earthquake struck Nangarhar Province, leading to the collapse of several buildings and trapping many residents under the rubble. Rescue teams are on-site conducting search and rescue operations.","Afghanistan","Nangarhar","2024-08-05","high","Building collapses and numerous injuries.",34.5167,70.1167,"Natural Disaster"
"Demonstration in Islamabad for Education Reform","Educators and students took to the streets of Islamabad to demand reforms in the education sector, including better funding and updated curricula to meet modern standards.","Pakistan","Islamabad","2024-10-10","medium","Public gatherings and minor disruptions.",33.6844,73.0479,"Demonstration/Riot"
"Terrorist Attack on Military Base in Ghazni","A militant group launched an attack on a military base in Ghazni, resulting in fierce clashes with security forces. Several soldiers were injured, and the base sustained damage from the assault.","Afghanistan","Ghazni","2024-07-20","high","Military casualties and infrastructure damage.",33.5299,68.4204,"Terrorist Attack"
"Floods in Swat Valley After Monsoon Rains","Intense monsoon rains caused widespread flooding in the Swat Valley, displacing thousands of residents and damaging agricultural lands. Relief efforts are underway to provide shelter and supplies.","Pakistan","Swat","2024-09-18","high","Displacement and agricultural losses.",34.7704,72.3656,"Natural Disaster"
"Protest in Kabul Against Foreign Intervention","A large group of citizens in Kabul organized a protest against perceived foreign intervention in Afghan affairs, calling for national sovereignty and self-determination.","Afghanistan","Kabul","2024-09-05","medium","Public gatherings and increased police presence.",34.5553,69.2075,"Demonstration/Riot"
"Bomb Explosion in Quetta Residential Area","A bomb exploded in a residential neighborhood in Quetta during the night, causing panic and several casualties. Authorities are investigating the motive behind the attack.","Pakistan","Quetta","2024-10-08","high","Casualties and residential damage.",30.1798,66.9750,"Terrorist Attack"
"Earthquake in Mardan District","A seismic event with a magnitude of 5.0 shook the Mardan District, leading to minor structural damages and some injuries. Emergency services responded swiftly to assess the impact.","Pakistan","Mardan","2024-07-25","medium","Minor building damages and injuries.",34.2000,72.0440,"Natural Disaster"
"Demonstration in Peshawar for Labor Rights","Workers in Peshawar staged a demonstration advocating for better labor rights, including fair wages and safer working conditions. The protest was largely peaceful with strong community support.","Pakistan","Peshawar","2024-08-30","medium","Public gatherings and minor road disruptions.",34.0151,71.5249,"Demonstration/Riot"
"Bus Crash in Jalalabad","A bus traveling through Jalalabad lost control on a winding road and overturned, resulting in multiple injuries and fatalities. Rescue teams are working to assist the victims.","Afghanistan","Jalalabad","2024-09-22","high","Multiple injuries and fatalities.",34.4319,70.4471,"Transport Accident"
"Flooding in Lahore Due to River Overflow","The Ravi River overflowed its banks in Lahore after continuous heavy rains, leading to significant flooding in several neighborhoods. Evacuation orders have been issued for the most affected areas.","Pakistan","Lahore","2024-08-15","high","Flooded areas and property damage.",31.5204,74.3587,"Natural Disaster"
"Protest in Kandahar Against Water Shortage","Residents of Kandahar protested against the ongoing water shortages, demanding immediate action from the authorities to improve water supply and infrastructure.","Afghanistan","Kandahar","2024-07-28","medium","Public demonstrations and minor disruptions.",31.6289,65.7372,"Demonstration/Riot"
"Explosion in Karachi Port","An explosion occurred at the Karachi Port, causing extensive damage to cargo facilities and disrupting shipping operations. Initial reports suggest a possible sabotage act.","Pakistan","Karachi","2024-09-30","high","Infrastructure damage and operational disruptions.",24.8607,67.0011,"Terrorist Attack"
"Earthquake in Herat Province","A significant earthquake with a magnitude of 5.3 hit Herat Province, leading to the collapse of several homes and injuring many residents. Rescue operations are underway to help those trapped.","Afghanistan","Herat","2024-08-12","high","Building collapses and numerous injuries.",34.3317,62.1699,"Natural Disaster"
"Demonstration in Lahore for Political Reform","Supporters of political reform gathered in Lahore to demand changes in the governmental structure, advocating for more transparent and accountable leadership.","Pakistan","Lahore","2024-10-11","medium","Public gatherings and increased police presence.",31.5204,74.3587,"Demonstration/Riot"
"Bomb Attack on School in Quetta","A bomb was detonated near a school in Quetta during school hours, causing chaos and resulting in several casualties among students and staff.","Pakistan","Quetta","2024-09-08","high","Casualties and educational disruption.",30.1798,66.9750,"Terrorist Attack"
"Flooding in Mardan After Heavy Monsoon","Heavy monsoon rains caused severe flooding in Mardan, submerging roads and homes, and disrupting daily activities. Rescue teams are providing assistance to affected families.","Pakistan","Mardan","2024-08-20","high","Displacement and infrastructure damage.",34.2000,72.0440,"Natural Disaster"
"Protest in Islamabad for Women's Rights","Activists in Islamabad organized a demonstration advocating for women's rights, including equal opportunities and protection against violence.","Pakistan","Islamabad","2024-09-18","medium","Public gatherings and minor road disruptions.",33.6844,73.0479,"Demonstration/Riot"
"Earthquake in Kabul Suburbs","A minor earthquake with a magnitude of 4.8 shook the suburbs of Kabul, causing minor damages to buildings and temporary power outages.","Afghanistan","Kabul","2024-07-19","low","Minor structural damages and power outages.",34.5553,69.2075,"Natural Disaster"
"Demonstration in Quetta Against Unemployment","Unemployed youth in Quetta staged a protest demanding job opportunities and government support to alleviate unemployment rates.","Pakistan","Quetta","2024-08-27","medium","Public demonstrations and minor disruptions.",30.1798,66.9750,"Demonstration/Riot"
"Bombing in Jalalabad Market","A bomb exploded in a busy market in Jalalabad, causing multiple casualties and significant damage to surrounding shops and stalls.","Afghanistan","Jalalabad","2024-09-14","high","Casualties and market destruction.",34.4319,70.4471,"Terrorist Attack"
"Floods in Peshawar Due to River Burst","The Kabul River in Peshawar burst its banks after continuous rainfall, leading to severe flooding in residential and commercial areas.","Pakistan","Peshawar","2024-08-25","high","Flooded areas and property damage.",34.0151,71.5249,"Natural Disaster"
"Protest in Herat Against Healthcare Cuts","Healthcare professionals in Herat protested against recent government cuts to the healthcare sector, demanding increased funding and resources.","Afghanistan","Herat","2024-10-07","medium","Public gatherings and increased security presence.",34.3317,62.1699,"Demonstration/Riot"
"Bus Accident in Lahore Expressway","A bus collided with a tanker on the Lahore Expressway, resulting in several fatalities and injuries. Traffic was heavily impacted as emergency services attended to the scene.","Pakistan","Lahore","2024-09-05","high","Multiple casualties and traffic disruptions.",31.5204,74.3587,"Transport Accident"
"Earthquake in Kandahar Province","A minor earthquake with a magnitude of 4.7 was felt in Kandahar Province, causing slight tremors and minor structural damages to buildings.","Afghanistan","Kandahar","2024-07-22","low","Minor structural damages and temporary disturbances.",31.6289,65.7372,"Natural Disaster"
"Demonstration in Mardan for Educational Access","Students and educators in Mardan protested to demand better access to education, including improved facilities and reduced tuition fees.","Pakistan","Mardan","2024-08-18","medium","Public demonstrations and minor road blockages.",34.2000,72.0440,"Demonstration/Riot"
"Bomb Explosion in Herat University","A bomb exploded near Herat University during class hours, causing panic and resulting in several injuries among students and faculty.","Afghanistan","Herat","2024-09-20","high","Casualties and educational disruption.",34.3317,62.1699,"Terrorist Attack"
"Flooding in Quetta After Heavy Rains","Heavy rains led to severe flooding in Quetta, affecting residential areas and disrupting daily activities. Authorities have initiated relief measures to assist those impacted.","Pakistan","Quetta","2024-08-30","high","Flooded areas and infrastructure damage.",30.1798,66.9750,"Natural Disaster"
"Protest in Peshawar Against Tax Increases","Citizens in Peshawar organized a protest against recent tax increases, demanding the government reconsider its fiscal policies.","Pakistan","Peshawar","2024-09-25","medium","Public gatherings and minor disruptions.",34.0151,71.5249,"Demonstration/Riot"
"Earthquake in Jalalabad Region","A moderate earthquake with a magnitude of 5.1 struck the Jalalabad region, leading to building damages and several injuries. Rescue teams are actively searching for those trapped under debris.","Afghanistan","Jalalabad","2024-08-08","high","Building collapses and injuries.",34.4319,70.4471,"Natural Disaster"
"Demonstration in Islamabad for Environmental Protection","Environmental activists in Islamabad held a demonstration to raise awareness about pollution and to demand stricter environmental regulations from the government.","Pakistan","Islamabad","2024-10-12","medium","Public gatherings and peaceful protests.",33.6844,73.0479,"Demonstration/Riot"
"Bus Accident in Quetta Highway","A bus overturned on the Quetta Highway after skidding on a wet road, resulting in multiple injuries and fatalities. Emergency services are providing aid to the affected passengers.","Pakistan","Quetta","2024-09-16","high","Multiple injuries and fatalities.",30.1798,66.9750,"Transport Accident"
"Flooding in Kabul Due to River Overflow","The Kabul River overflowed after continuous heavy rains, causing severe flooding in nearby residential areas and displacing many families.","Afghanistan","Kabul","2024-08-28","high","Flooded areas and displacement of residents.",34.5553,69.2075,"Natural Disaster"
"Protest in Herat Against Unemployment","Unemployed youth in Herat organized a protest to demand job opportunities and government support to tackle the rising unemployment rates.","Afghanistan","Herat","2024-07-29","medium","Public demonstrations and minor road disruptions.",34.3317,62.1699,"Demonstration/Riot"
"Bombing in Mardan Shopping Mall","A bomb detonated in a crowded shopping mall in Mardan during peak hours, resulting in numerous casualties and extensive damage to the facility.","Pakistan","Mardan","2024-09-12","high","Mass casualties and property damage.",34.2000,72.0440,"Terrorist Attack"
"Earthquake in Peshawar District","A small earthquake with a magnitude of 4.6 was felt across Peshawar District, causing minor tremors and slight damages to buildings.","Pakistan","Peshawar","2024-07-17","low","Minor structural damages and temporary disturbances.",34.0151,71.5249,"Natural Disaster"
"Demonstration in Lahore for Healthcare Reform","Healthcare professionals in Lahore staged a demonstration advocating for better healthcare facilities and increased funding for medical services.","Pakistan","Lahore","2024-08-05","medium","Public gatherings and minor road blockages.",31.5204,74.3587,"Demonstration/Riot"
"Bomb Explosion in Kandahar Hospital","A bomb exploded near a hospital in Kandahar, causing chaos and resulting in several injuries among patients and staff.","Afghanistan","Kandahar","2024-09-09","high","Casualties and healthcare disruption.",31.6289,65.7372,"Terrorist Attack"
"Flooding in Swat District After Heavy Rains","Heavy rainfall led to severe flooding in Swat District, submerging roads and homes, and disrupting transportation and daily activities.","Pakistan","Swat","2024-08-14","high","Flooded areas and infrastructure damage.",34.7704,72.3656,"Natural Disaster"
"Protest in Islamabad Against Police Brutality","Citizens in Islamabad organized a protest against alleged police brutality, calling for accountability and reforms within the law enforcement agencies.","Pakistan","Islamabad","2024-10-09","medium","Public gatherings and increased police presence.",33.6844,73.0479,"Demonstration/Riot"
"Earthquake in Quetta Region","A seismic event with a magnitude of 5.0 struck the Quetta region, causing minor structural damages and slight injuries to residents.","Pakistan","Quetta","2024-07-23","low","Minor structural damages and temporary power outages.",30.1798,66.9750,"Natural Disaster"
"Demonstration in Herat for Economic Relief","Residents of Herat held a demonstration demanding economic relief measures to combat rising inflation and unemployment rates.","Afghanistan","Herat","2024-08-22","medium","Public demonstrations and minor disruptions.",34.3317,62.1699,"Demonstration/Riot"
"Bus Accident in Islamabad Highway","A bus collided with a truck on the Islamabad Highway, resulting in several fatalities and injuries. Traffic was heavily impacted as emergency services attended to the scene.","Pakistan","Islamabad","2024-09-19","high","Multiple fatalities and severe injuries.",33.6844,73.0479,"Transport Accident"
"Flooding in Jalalabad Due to River Burst","The Kabul River near Jalalabad burst its banks after continuous heavy rainfall, causing severe flooding in adjacent areas and displacing numerous families.","Afghanistan","Jalalabad","2024-08-26","high","Flooded areas and displacement of residents.",34.4319,70.4471,"Natural Disaster"
"Protest in Mardan Against Education Cuts","Students and educators in Mardan protested against recent cuts in education funding, demanding better resources and support for schools.","Pakistan","Mardan","2024-10-13","medium","Public demonstrations and minor road disruptions.",34.2000,72.0440,"Demonstration/Riot"
"Bombing in Herat Central Square","A bomb exploded in the central square of Herat during a public event, causing widespread panic and resulting in numerous casualties among attendees.","Afghanistan","Herat","2024-09-07","high","Mass casualties and public event disruption.",34.3317,62.1699,"Terrorist Attack"
"Earthquake in Peshawar Suburbs","A minor earthquake with a magnitude of 4.5 was felt in the suburbs of Peshawar, leading to slight tremors and minor structural damages.","Pakistan","Peshawar","2024-07-16","low","Minor structural damages and temporary disturbances.",34.0151,71.5249,"Natural Disaster"
"Demonstration in Lahore for Labor Rights","Workers in Lahore organized a demonstration to demand better labor rights, including fair wages and safer working conditions.","Pakistan","Lahore","2024-08-12","medium","Public demonstrations and minor road blockages.",31.5204,74.3587,"Demonstration/Riot"
"Bomb Explosion in Swat Valley Hotel","A bomb detonated in a hotel located in Swat Valley, targeting both local residents and tourists, resulting in multiple casualties and significant property damage.","Pakistan","Swat","2024-09-24","high","Casualties and hotel destruction.",34.7704,72.3656,"Terrorist Attack"
"Flooding in Kabul Urban Areas","Intense rainfall caused severe flooding in urban areas of Kabul, leading to submerged streets and damaged infrastructure. Emergency services are providing aid to affected residents.","Afghanistan","Kabul","2024-08-19","high","Flooded areas and infrastructure damage.",34.5553,69.2075,"Natural Disaster"
"Protest in Quetta Against Housing Policies","Citizens in Quetta held a protest against recent housing policies, demanding affordable housing and better urban planning from the authorities.","Pakistan","Quetta","2024-10-04","medium","Public gatherings and minor road disruptions.",30.1798,66.9750,"Demonstration/Riot"
"Earthquake in Herat Urban Area","A small earthquake with a magnitude of 4.6 struck the urban area of Herat, causing minor structural damages and temporary power outages.","Afghanistan","Herat","2024-07-21","low","Minor structural damages and temporary power outages.",34.3317,62.1699,"Natural Disaster"
"Demonstration in Islamabad for Tax Reforms","Citizens in Islamabad organized a demonstration to demand comprehensive tax reforms, aiming for a more equitable taxation system.","Pakistan","Islamabad","2024-08-10","medium","Public gatherings and minor road blockages.",33.6844,73.0479,"Demonstration/Riot"
"Bus Accident in Mardan Expressway","A bus overturned on the Mardan Expressway after losing control on a sharp turn, resulting in several injuries and fatalities.","Pakistan","Mardan","2024-09-02","high","Multiple fatalities and severe injuries.",34.2000,72.0440,"Transport Accident"
"Flooding in Kandahar Due to River Overflow","The Arghandab River overflowed in Kandahar after prolonged rainfall, causing extensive flooding in nearby residential and commercial areas.","Afghanistan","Kandahar","2024-08-05","high","Flooded areas and displacement of residents.",31.6289,65.7372,"Natural Disaster"
"Protest in Swat Valley Against Mining Activities","Local communities in Swat Valley protested against unauthorized mining activities, expressing concerns over environmental degradation and resource exploitation.","Pakistan","Swat","2024-10-03","medium","Public demonstrations and minor road blockages.",34.7704,72.3656,"Demonstration/Riot"
"Bombing in Islamabad Financial District","A bomb exploded in the financial district of Islamabad during peak business hours, causing chaos and resulting in numerous casualties among professionals and visitors.","Pakistan","Islamabad","2024-09-20","high","Mass casualties and financial district disruption.",33.6844,73.0479,"Terrorist Attack"
"Earthquake in Jalalabad City Center","A moderate earthquake with a magnitude of 5.0 struck the city center of Jalalabad, leading to building damages and several injuries among residents.","Afghanistan","Jalalabad","2024-07-24","high","Building collapses and injuries.",34.4319,70.4471,"Natural Disaster"
"Demonstration in Lahore for Public Transport Improvements","Citizens in Lahore organized a demonstration advocating for improvements in public transportation, including more buses and better infrastructure.","Pakistan","Lahore","2024-08-08","medium","Public gatherings and minor traffic disruptions.",31.5204,74.3587,"Demonstration/Riot"
"Bomb Explosion in Herat Shopping Area","A bomb detonated in a busy shopping area of Herat during the weekend, causing multiple casualties and significant property damage.","Afghanistan","Herat","2024-09-17","high","Casualties and shopping area destruction.",34.3317,62.1699,"Terrorist Attack"
"Flooding in Quetta Industrial Zone","Severe flooding affected the industrial zone of Quetta after heavy rains, disrupting manufacturing operations and damaging equipment.","Pakistan","Quetta","2024-08-23","high","Industrial disruption and property damage.",30.1798,66.9750,"Natural Disaster"
"Protest in Mardan Against Political Policies","Residents of Mardan organized a protest to oppose recent political policies, demanding more inclusive and representative governance.","Pakistan","Mardan","2024-10-06","medium","Public demonstrations and minor road disruptions.",34.2000,72.0440,"Demonstration/Riot"
"Earthquake in Swat District","A minor earthquake with a magnitude of 4.4 was felt in Swat District, causing slight tremors and minor structural damages to buildings.","Pakistan","Swat","2024-07-18","low","Minor structural damages and temporary disturbances.",34.7704,72.3656,"Natural Disaster"
"Demonstration in Islamabad for Digital Rights","Activists in Islamabad held a demonstration advocating for digital rights and opposing government surveillance measures.","Pakistan","Islamabad","2024-08-19","medium","Public gatherings and peaceful protests.",33.6844,73.0479,"Demonstration/Riot"
"Bus Accident in Karachi Urban Area","A bus collided with a motorcycle in a busy urban area of Karachi, resulting in multiple injuries and traffic chaos.","Pakistan","Karachi","2024-09-07","high","Multiple injuries and traffic disruptions.",24.8607,67.0011,"Transport Accident"
"Flooding in Herat After Heavy Monsoon","Heavy monsoon rains caused severe flooding in Herat, submerging roads and homes, and disrupting daily life.","Afghanistan","Herat","2024-08-29","high","Flooded areas and infrastructure damage.",34.3317,62.1699,"Natural Disaster"
"Protest in Quetta Against Water Supply Issues","Citizens in Quetta organized a protest to demand improvements in the water supply system and better management of water resources.","Pakistan","Quetta","2024-10-10","medium","Public demonstrations and minor road disruptions.",30.1798,66.9750,"Demonstration/Riot"
"Bombing in Mardan Central Market","A bomb exploded in the central market of Mardan during the afternoon rush, causing chaos and resulting in several casualties among shoppers.","Pakistan","Mardan","2024-09-10","high","Casualties and market destruction.",34.2000,72.0440,"Terrorist Attack"
"Earthquake in Peshawar Industrial Area","A seismic event with a magnitude of 5.2 shook the industrial area of Peshawar, leading to structural damages and injuries among workers.","Pakistan","Peshawar","2024-07-26","high","Building collapses and worker injuries.",34.0151,71.5249,"Natural Disaster"
"Demonstration in Lahore for Housing Rights","Residents in Lahore organized a demonstration to demand affordable housing and better living conditions in their neighborhoods.","Pakistan","Lahore","2024-08-14","medium","Public demonstrations and minor road disruptions.",31.5204,74.3587,"Demonstration/Riot"
"Bomb Explosion in Islamabad University","A bomb detonated near Islamabad University during class hours, causing panic and resulting in several injuries among students and faculty.","Pakistan","Islamabad","2024-09-21","high","Casualties and educational disruption.",33.6844,73.0479,"Terrorist Attack"
"Flooding in Jalalabad Industrial Zone","Heavy rains led to severe flooding in the industrial zone of Jalalabad, disrupting manufacturing operations and damaging equipment.","Afghanistan","Jalalabad","2024-08-16","high","Industrial disruption and property damage.",34.4319,70.4471,"Natural Disaster"
"Protest in Swat Valley Against Education Cuts","Students in Swat Valley organized a protest to oppose recent cuts in education funding, demanding better resources and support for schools.","Pakistan","Swat","2024-10-01","medium","Public demonstrations and minor road disruptions.",34.7704,72.3656,"Demonstration/Riot"
"Earthquake in Karachi Coastal Area","A minor earthquake with a magnitude of 4.3 was felt in the coastal area of Karachi, causing slight tremors and minor structural damages.","Pakistan","Karachi","2024-07-19","low","Minor structural damages and temporary disturbances.",24.8607,67.0011,"Natural Disaster"
"Demonstration in Herat for Healthcare Funding","Healthcare workers in Herat held a demonstration demanding increased funding and better facilities for hospitals and clinics.","Afghanistan","Herat","2024-08-27","medium","Public gatherings and minor disruptions.",34.3317,62.1699,"Demonstration/Riot"
"Bus Accident in Swat Highway","A bus overturned on the Swat Highway after losing control on a sharp bend, resulting in several injuries and fatalities.","Pakistan","Swat","2024-09-15","high","Multiple fatalities and severe injuries.",34.7704,72.3656,"Transport Accident"
"Flooding in Quetta Residential Areas","Severe flooding affected residential areas in Quetta after continuous heavy rainfall, leading to submerged homes and disrupted utilities.","Pakistan","Quetta","2024-08-21","high","Flooded homes and infrastructure damage.",30.1798,66.9750,"Natural Disaster"
"Protest in Islamabad Against Education Reforms","Educators and students in Islamabad organized a protest opposing recent education reforms, arguing that the changes undermine educational quality.","Pakistan","Islamabad","2024-10-11","medium","Public demonstrations and minor road disruptions.",33.6844,73.0479,"Demonstration/Riot"
"Bombing in Peshawar Railway Station","A bomb exploded at the Peshawar Railway Station during peak hours, causing chaos and resulting in numerous casualties among travelers.","Pakistan","Peshawar","2024-09-18","high","Mass casualties and transportation disruption.",34.0151,71.5249,"Terrorist Attack"
"Earthquake in Mardan City Center","A moderate earthquake with a magnitude of 5.1 struck the city center of Mardan, leading to building damages and several injuries among residents.","Pakistan","Mardan","2024-07-27","high","Building collapses and injuries.",34.2000,72.0440,"Natural Disaster"
"Demonstration in Lahore Against Fuel Shortages","Citizens in Lahore organized a demonstration to protest against fuel shortages and demand efficient distribution from the government.","Pakistan","Lahore","2024-08-19","medium","Public demonstrations and minor road disruptions.",31.5204,74.3587,"Demonstration/Riot"
"Bomb Explosion in Swat Valley Tourist Area","A bomb detonated in a popular tourist area of Swat Valley, causing panic and resulting in several casualties among visitors.","Pakistan","Swat","2024-09-23","high","Casualties and tourism disruption.",34.7704,72.3656,"Terrorist Attack"
"Flooding in Herat Urban Neighborhoods","Intense rainfall led to severe flooding in urban neighborhoods of Herat, submerging streets and homes and disrupting daily activities.","Afghanistan","Herat","2024-08-24","high","Flooded areas and infrastructure damage.",34.3317,62.1699,"Natural Disaster"
"Protest in Quetta for Labor Rights","Workers in Quetta organized a protest demanding better labor rights, including fair wages and safer working conditions.","Pakistan","Quetta","2024-10-07","medium","Public demonstrations and minor road disruptions.",30.1798,66.9750,"Demonstration/Riot"
"Earthquake in Islamabad Suburbs","A minor earthquake with a magnitude of 4.2 was felt in the suburbs of Islamabad, causing slight tremors and minor structural damages.","Pakistan","Islamabad","2024-07-20","low","Minor structural damages and temporary disturbances.",33.6844,73.0479,"Natural Disaster"
"Demonstration in Peshawar for Water Rights","Residents in Peshawar organized a demonstration to demand better water management and equitable distribution of water resources.","Pakistan","Peshawar","2024-08-16","medium","Public gatherings and minor road disruptions.",34.0151,71.5249,"Demonstration/Riot"
"Bomb Explosion in Lahore Industrial Area","A bomb detonated in an industrial area of Lahore, targeting factories and causing extensive damage to machinery and infrastructure.","Pakistan","Lahore","2024-09-11","high","Industrial disruption and property damage.",31.5204,74.3587,"Terrorist Attack"
"Flooding in Kabul Rural Areas","Prolonged heavy rains caused severe flooding in rural areas surrounding Kabul, leading to submerged farmland and damaged homes.","Afghanistan","Kabul","2024-08-30","high","Flooded farmland and residential damage.",34.5553,69.2075,"Natural Disaster"
"Protest in Mardan Against Police Corruption","Citizens in Mardan organized a protest to highlight issues of police corruption and demand accountability and reforms within the police force.","Pakistan","Mardan","2024-10-12","medium","Public demonstrations and increased police presence.",34.2000,72.0440,"Demonstration/Riot"
"Earthquake in Swat Valley Residential Area","A minor earthquake with a magnitude of 4.5 was felt in a residential area of Swat Valley, causing slight tremors and minor structural damages.","Pakistan","Swat","2024-07-22","low","Minor structural damages and temporary disturbances.",34.7704,72.3656,"Natural Disaster"
"Demonstration in Herat for Anti-Corruption","Anti-corruption activists in Herat held a demonstration demanding the elimination of corrupt practices within the government and public institutions.","Afghanistan","Herat","2024-08-28","medium","Public demonstrations and minor road disruptions.",34.3317,62.1699,"Demonstration/Riot"
"Bus Accident in Karachi Expressway","A bus collided with a van on the Karachi Expressway, resulting in multiple injuries and fatalities. Traffic was heavily impacted as emergency services attended to the scene.","Pakistan","Karachi","2024-09-04","high","Multiple fatalities and severe injuries.",24.8607,67.0011,"Transport Accident"
"Flooding in Jalalabad Residential Areas","Severe flooding affected residential areas in Jalalabad after continuous heavy rainfall, leading to submerged homes and disrupted utilities.","Afghanistan","Jalalabad","2024-08-31","high","Flooded homes and infrastructure damage.",34.4319,70.4471,"Natural Disaster"
"Protest in Lahore for Electoral Reforms","Citizens in Lahore organized a protest advocating for comprehensive electoral reforms to ensure fair and transparent elections.","Pakistan","Lahore","2024-10-09","medium","Public demonstrations and minor road disruptions.",31.5204,74.3587,"Demonstration/Riot"
"Bomb Explosion in Swat Valley Government Building","A bomb detonated near a government building in Swat Valley, causing chaos and resulting in several casualties among officials and bystanders.","Pakistan","Swat","2024-09-19","high","Casualties and government building disruption.",34.7704,72.3656,"Terrorist Attack"
"Earthquake in Quetta Residential Area","A minor earthquake with a magnitude of 4.1 was felt in a residential area of Quetta, causing slight tremors and minor structural damages.","Pakistan","Quetta","2024-07-25","low","Minor structural damages and temporary disturbances.",30.1798,66.9750,"Natural Disaster"
"Demonstration in Islamabad for Digital Privacy","Activists in Islamabad held a demonstration advocating for digital privacy rights and opposing government surveillance measures.","Pakistan","Islamabad","2024-08-24","medium","Public gatherings and peaceful protests.",33.6844,73.0479,"Demonstration/Riot"
"Bus Accident in Swat Highway","A bus overturned on the Swat Highway after losing control on a sharp bend, resulting in several injuries and fatalities.","Pakistan","Swat","2024-09-15","high","Multiple fatalities and severe injuries.",34.7704,72.3656,"Transport Accident"
"Flooding in Peshawar Commercial Area","Intense rainfall caused severe flooding in the commercial area of Peshawar, leading to submerged shops and disrupted business operations.","Pakistan","Peshawar","2024-08-22","high","Flooded commercial areas and business disruptions.",34.0151,71.5249,"Natural Disaster"
"Protest in Herat Against Fuel Shortages","Residents in Herat organized a protest to demand efficient fuel distribution and to address the ongoing fuel shortages affecting daily life.","Afghanistan","Herat","2024-10-08","medium","Public demonstrations and minor road disruptions.",34.3317,62.1699,"Demonstration/Riot"
"Earthquake in Lahore Suburbs","A minor earthquake with a magnitude of 4.0 was felt in the suburbs of Lahore, causing slight tremors and minor structural damages.","Pakistan","Lahore","2024-07-19","low","Minor structural damages and temporary disturbances.",31.5204,74.3587,"Natural Disaster"
"Demonstration in Quetta for Labor Rights","Workers in Quetta organized a demonstration demanding better labor rights, including fair wages and safer working conditions.","Pakistan","Quetta","2024-08-18","medium","Public demonstrations and minor road disruptions.",30.1798,66.9750,"Demonstration/Riot"
"Tsunami Warning Issued for Pacific Coast","A significant tsunami warning was issued along the Pacific Coast following a powerful undersea earthquake. Coastal communities were evacuated as emergency services prepared for potential impacts.","United States","San Francisco","2024-10-10","high","Evacuations and potential property damage.",37.7749,-122.4194,"Natural Disaster"
"Mass Protest in Paris Over Pension Reforms","Thousands of demonstrators gathered in Paris to protest the government's proposed pension reforms, demanding higher retirement ages and better benefits. The protest remained largely peaceful despite some clashes with police.","France","Paris","2024-09-22","medium","Public gatherings and traffic disruptions.",48.8566,2.3522,"Demonstration/Riot"
"Floods Devastate Mumbai After Monsoon Rains","Heavy monsoon rains caused severe flooding in Mumbai, submerging several neighborhoods and disrupting daily life. Rescue operations are ongoing to assist those affected by the floods.","India","Mumbai","2024-08-15","high","Displacement of residents and infrastructure damage.",19.0760,72.8777,"Natural Disaster"
"Explosion at Beirut Port","An explosion occurred at the Beirut Port, causing extensive damage to cargo facilities and disrupting shipping operations. Initial reports suggest possible sabotage.","Lebanon","Beirut","2024-10-05","high","Infrastructure damage and operational disruptions.",33.8938,35.5018,"Terrorist Attack"
"Heatwave Hits Sydney, Australia","Sydney experienced an intense heatwave with temperatures soaring above 40째C. Authorities issued warnings and opened cooling centers to help residents cope with the extreme heat.","Australia","Sydney","2024-09-30","medium","Health risks and increased energy consumption.",-33.8688,151.2093,"Extreme Weather"
"Train Derailment in Berlin","A passenger train derailed on the outskirts of Berlin, causing multiple injuries and disrupting the regional rail network. Investigations are underway to determine the cause.","Germany","Berlin","2024-08-25","high","Multiple injuries and transportation disruption.",52.5200,13.4050,"Transport Accident"
"Protests in Hong Kong Over Electoral Reforms","Citizens in Hong Kong organized large-scale protests demanding fair and transparent electoral reforms. The demonstrations were met with a heavy police presence.","China","Hong Kong","2024-10-12","medium","Public gatherings and increased security measures.",22.3193,114.1694,"Demonstration/Riot"
"Wildfires Spread Across California","Uncontrolled wildfires have spread across multiple counties in California, threatening residential areas and natural reserves. Firefighters are battling the flames as evacuations continue.","United States","Los Angeles","2024-09-18","high","Property damage and air quality issues.",34.0522,-118.2437,"Natural Disaster"
"Cyberattack Targets London Financial Sector","A sophisticated cyberattack targeted major financial institutions in London, causing temporary outages and raising concerns about data security.","United Kingdom","London","2024-08-20","high","Financial disruptions and data breaches.",51.5074,-0.1278,"Cybersecurity Incident"
"Earthquake Strikes Istanbul","A moderate earthquake with a magnitude of 5.4 shook Istanbul, resulting in minor structural damages and some injuries. Rescue teams were deployed to affected areas.","Turkey","Istanbul","2024-07-30","medium","Structural damages and minor injuries.",41.0082,28.9784,"Natural Disaster"
"Riots Erupt in Rio de Janeiro Following Election Results","Riots broke out in Rio de Janeiro as supporters of the losing candidate protested the election results, leading to clashes with law enforcement.","Brazil","Rio de Janeiro","2024-09-05","high","Violence and property damage.",-22.9068,-43.1729,"Demonstration/Riot"
"Volcanic Eruption on Mount Etna","Mount Etna erupted, spewing lava and ash into the air. The eruption forced nearby residents to evacuate and caused disruptions to air traffic.","Italy","Catania","2024-08-10","high","Evacuations and environmental impact.",37.5020,15.0830,"Natural Disaster"
"Terrorist Attack at Berlin Shopping Mall","A coordinated terrorist attack took place at a busy shopping mall in Berlin, resulting in multiple casualties and heightened security measures across the city.","Germany","Berlin","2024-09-25","high","Mass casualties and increased security.",52.5200,13.4050,"Terrorist Attack"
"Severe Storms Hit New York City","New York City was hit by severe storms, causing widespread power outages and flooding in low-lying areas. Emergency services responded to multiple incidents.","United States","New York","2024-07-20","medium","Power outages and flooding.",40.7128,-74.0060,"Extreme Weather"
"Massive Landslide in Nepal's Hills","Heavy rains triggered a massive landslide in the hills of Nepal, burying several villages and causing numerous fatalities. Rescue operations are ongoing.","Nepal","Pokhara","2024-08-05","high","Mass fatalities and destruction of infrastructure.",28.2096,83.9856,"Natural Disaster"
"Protests in Moscow Against Government Policies","Thousands marched in Moscow to protest recent government policies, demanding greater political freedoms and economic reforms. The protest remained peaceful with minor incidents.","Russia","Moscow","2024-10-08","medium","Public gatherings and minor disruptions.",55.7558,37.6173,"Demonstration/Riot"
"Flooding in Bangkok Due to River Overflow","The Chao Phraya River in Bangkok overflowed after continuous heavy rains, leading to severe flooding in several districts and disrupting transportation.","Thailand","Bangkok","2024-09-12","high","Flooded areas and infrastructure damage.",13.7563,100.5018,"Natural Disaster"
"Explosion at Dubai Shopping Center","An explosion occurred at a major shopping center in Dubai, causing significant damage and resulting in multiple injuries. Authorities are investigating the incident.","United Arab Emirates","Dubai","2024-10-02","high","Casualties and property damage.",25.2048,55.2708,"Terrorist Attack"
"Heavy Snowstorm Hits Moscow","Moscow was hit by a heavy snowstorm, causing transportation delays and power outages. Schools and businesses were temporarily closed.","Russia","Moscow","2024-07-18","medium","Transportation delays and power outages.",55.7558,37.6173,"Extreme Weather"
"Massive Fire Engulfs S찾o Paulo Industrial Area","A massive fire broke out in an industrial area of S찾o Paulo, consuming several factories and releasing toxic fumes into the atmosphere.","Brazil","S찾o Paulo","2024-08-28","high","Industrial damage and environmental hazards.",-23.5505,-46.6333,"Industrial Accident"
"Earthquake in Mexico City","A powerful earthquake with a magnitude of 6.1 struck Mexico City, causing significant structural damages and casualties. Rescue teams are actively searching for survivors.","Mexico","Mexico City","2024-09-20","high","Building collapses and casualties.",19.4326,-99.1332,"Natural Disaster"
"Protests in Johannesburg Over Economic Inequality","Protesters in Johannesburg gathered to voice their frustrations over economic inequality and demand government action to address poverty and unemployment.","South Africa","Johannesburg","2024-10-07","medium","Public demonstrations and minor disruptions.",-26.2041,28.0473,"Demonstration/Riot"
"Floods in Cairo After Nile Overflow","The Nile River overflowed, causing widespread flooding in Cairo. Thousands of residents were evacuated as the floodwaters inundated homes and businesses.","Egypt","Cairo","2024-08-12","high","Evacuations and property damage.",30.0444,31.2357,"Natural Disaster"
"Cyberattack Disrupts Tokyo's Public Services","A large-scale cyberattack targeted multiple service providers in Tokyo, causing significant disruptions to internet and communication services.","Japan","Tokyo","2024-09-28","high","Service disruptions and data breaches.",35.6895,139.6917,"Cybersecurity Incident"
"Massive Traffic Jam in Los Angeles Due to Accident","A major accident on the 405 freeway caused a massive traffic jam in Los Angeles, leading to hours of delays for commuters.","United States","Los Angeles","2024-07-25","medium","Traffic congestion and delays.",34.0522,-118.2437,"Transport Accident"
"Protests in Madrid Against Housing Policies","Citizens in Madrid organized protests against recent housing policies, demanding affordable housing and better urban planning.","Spain","Madrid","2024-10-11","medium","Public demonstrations and minor road disruptions.",40.4168,-3.7038,"Demonstration/Riot"
"Flooding in Jakarta Due to Heavy Rains","Jakarta experienced severe flooding after continuous heavy rains, submerging streets and disrupting daily activities. Emergency services are assisting affected residents.","Indonesia","Jakarta","2024-08-20","high","Flooded areas and infrastructure damage.",-6.2088,106.8456,"Natural Disaster"
"Explosion at Moscow Metro Station","An explosion occurred at a busy metro station in Moscow, causing chaos and resulting in multiple casualties. Authorities are investigating the cause.","Russia","Moscow","2024-09-15","high","Casualties and transportation disruption.",55.7558,37.6173,"Terrorist Attack"
"Heatwave Causes Health Emergencies in Madrid","A prolonged heatwave in Madrid led to numerous health emergencies as temperatures soared, prompting the city to open cooling centers and issue health advisories.","Spain","Madrid","2024-07-17","medium","Health risks and increased energy usage.",40.4168,-3.7038,"Extreme Weather"
"Terrorist Attack on Sydney Harbour Bridge","A terrorist attack targeted the Sydney Harbour Bridge during peak hours, causing significant casualties and heightening security measures across the city.","Australia","Sydney","2024-09-08","high","Mass casualties and infrastructure damage.",-33.8688,151.2093,"Terrorist Attack"
"Protests in Toronto Against Police Reform","Citizens in Toronto gathered to protest for comprehensive police reforms, demanding accountability and changes in law enforcement practices.","Canada","Toronto","2024-10-03","medium","Public demonstrations and minor disruptions.",43.6532,-79.3832,"Demonstration/Riot"
"Earthquake Strikes Istanbul","A strong earthquake with a magnitude of 5.6 struck Istanbul, causing structural damages to several buildings and resulting in injuries among residents.","Turkey","Istanbul","2024-08-18","high","Building damages and injuries.",41.0082,28.9784,"Natural Disaster"
"Flooding in Bangkok's Suburbs","The suburbs of Bangkok were hit by severe flooding after the Chao Phraya River overflowed, displacing thousands and damaging properties.","Thailand","Bangkok","2024-07-22","high","Displacement and property damage.",13.7563,100.5018,"Natural Disaster"
"Mass Protest in New Delhi Over Air Pollution","Thousands of residents in New Delhi organized a mass protest to demand immediate action against rising air pollution levels, advocating for stricter environmental regulations.","India","New Delhi","2024-09-25","medium","Public demonstrations and minor disruptions.",28.6139,77.2090,"Demonstration/Riot"
"Cyberattack on Berlin's Public Transport System","A sophisticated cyberattack disrupted Berlin's public transport system, causing widespread delays and operational issues across the network.","Germany","Berlin","2024-08-30","high","Transport disruptions and data security concerns.",52.5200,13.4050,"Cybersecurity Incident"
"Floods Devastate Jakarta's Industrial Area","Severe flooding submerged Jakarta's industrial areas, halting manufacturing operations and causing significant economic losses.","Indonesia","Jakarta","2024-10-01","high","Economic losses and infrastructure damage.",-6.2088,106.8456,"Natural Disaster"
"Terrorist Attack at Cairo International Airport","A coordinated terrorist attack targeted Cairo International Airport, resulting in numerous casualties and disrupting international travel.","Egypt","Cairo","2024-09-18","high","Mass casualties and travel disruptions.",30.0444,31.2357,"Terrorist Attack"
"Severe Drought in Nairobi","Nairobi is experiencing a severe drought, leading to water shortages and impacting agriculture. Authorities are seeking international aid to address the crisis.","Kenya","Nairobi","2024-07-19","high","Water shortages and agricultural impact.",-1.2921,36.8219,"Natural Disaster"
"Explosion at Moscow Chemical Plant","An explosion occurred at a chemical plant in Moscow, causing extensive damage and releasing toxic fumes into the surrounding area.","Russia","Moscow","2024-08-22","high","Environmental hazards and property damage.",55.7558,37.6173,"Industrial Accident"
"Massive Snowstorm Hits Toronto","Toronto was hit by a massive snowstorm, resulting in transportation shutdowns and power outages. Emergency services were mobilized to assist affected residents.","Canada","Toronto","2024-10-06","medium","Transportation shutdowns and power outages.",43.6532,-79.3832,"Extreme Weather"
"Protests in Rome Against Government Corruption","Thousands marched in Rome to protest against perceived government corruption, demanding transparency and accountability from public officials.","Italy","Rome","2024-09-10","medium","Public demonstrations and minor disruptions.",41.9028,12.4964,"Demonstration/Riot"
"Flooding in Bangkok's Central Business District","Heavy rains caused severe flooding in Bangkok's Central Business District, disrupting business operations and causing significant property damage.","Thailand","Bangkok","2024-07-28","high","Business disruptions and property damage.",13.7563,100.5018,"Natural Disaster"
"Earthquake in Santiago, Chile","A moderate earthquake with a magnitude of 5.3 struck Santiago, causing minor structural damages and leading to temporary power outages.","Chile","Santiago","2024-08-15","medium","Structural damages and power outages.",-33.4489,-70.6693,"Natural Disaster"
"Massive Cyberattack on Tokyo's Banking Sector","A large-scale cyberattack targeted Tokyo's banking sector, resulting in temporary shutdowns and raising concerns about financial cybersecurity.","Japan","Tokyo","2024-09-05","high","Financial disruptions and data breaches.",35.6895,139.6917,"Cybersecurity Incident"
"Protests in Buenos Aires Over Economic Crisis","Citizens in Buenos Aires took to the streets to protest the ongoing economic crisis, demanding government intervention and economic reforms.","Argentina","Buenos Aires","2024-10-09","medium","Public demonstrations and minor disruptions.",-34.6037,-58.3816,"Demonstration/Riot"
"Explosion at Dubai Oil Refinery","An explosion occurred at a major oil refinery in Dubai, causing extensive damage and disrupting oil production. Emergency services responded swiftly to contain the situation.","United Arab Emirates","Dubai","2024-08-25","high","Infrastructure damage and operational disruptions.",25.2048,55.2708,"Industrial Accident"
"Flooding in Mumbai Suburbs","Mumbai's suburbs were inundated with floodwaters following unprecedented heavy rains, leading to evacuations and significant property damage.","India","Mumbai","2024-07-24","high","Evacuations and property damage.",19.0760,72.8777,"Natural Disaster"
"Mass Protest in Cairo Demanding Political Reforms","Thousands gathered in Cairo to demand political reforms and greater democratic freedoms, leading to a peaceful yet impactful demonstration.","Egypt","Cairo","2024-09-30","medium","Public demonstrations and minor disruptions.",30.0444,31.2357,"Demonstration/Riot"
"Severe Heatwave in Madrid","Madrid experienced a severe heatwave with temperatures exceeding 40째C, prompting the city to open cooling centers and issue heat advisories.","Spain","Madrid","2024-07-17","medium","Health risks and increased energy consumption.",40.4168,-3.7038,"Extreme Weather"
"Terrorist Attack on London Underground Station","A terrorist attack targeted a busy underground station in London, causing multiple casualties and leading to heightened security across the transport network.","United Kingdom","London","2024-09-14","high","Mass casualties and transportation disruption.",51.5074,-0.1278,"Terrorist Attack"
"Floods in New Orleans After Hurricane","Following a powerful hurricane, New Orleans faced severe flooding, leading to widespread damage and displacement of residents.","United States","New Orleans","2024-08-30","high","Displacement and property damage.",29.9511,-90.0715,"Natural Disaster"
"Protests in Berlin Over Immigration Policies","Demonstrators in Berlin protested against the government's immigration policies, demanding more inclusive and humane approaches.","Germany","Berlin","2024-10-04","medium","Public demonstrations and minor disruptions.",52.5200,13.4050,"Demonstration/Riot"
"Earthquake in Lima, Peru","A strong earthquake with a magnitude of 6.0 struck Lima, causing significant structural damages and resulting in casualties. Rescue operations are underway.","Peru","Lima","2024-09-22","high","Building collapses and casualties.",-12.0464,-77.0428,"Natural Disaster"
"Cyberattack Disrupts Sydney's Healthcare System","A cyberattack targeted Sydney's healthcare system, disrupting medical services and compromising patient data.","Australia","Sydney","2024-09-05","high","Healthcare disruptions and data breaches.",-33.8688,151.2093,"Cybersecurity Incident"
"Massive Flooding in Bangkok's Industrial Park","Heavy rains led to severe flooding in Bangkok's industrial park, halting manufacturing operations and causing significant economic losses.","Thailand","Bangkok","2024-07-26","high","Economic losses and infrastructure damage.",13.7563,100.5018,"Natural Disaster"
"Protests in Rome Against COVID-19 Measures","Citizens in Rome protested against the government's ongoing COVID-19 measures, demanding the lifting of restrictions and economic relief.","Italy","Rome","2024-10-13","medium","Public demonstrations and minor disruptions.",41.9028,12.4964,"Demonstration/Riot"
"Flooding in Houston After Tropical Storm","Tropical Storm caused severe flooding in Houston, submerging neighborhoods and disrupting business operations.","United States","Houston","2024-08-10","high","Flooded areas and property damage.",29.7604,-95.3698,"Natural Disaster"
"Explosion at Berlin Chemical Facility","An explosion at a chemical facility in Berlin resulted in significant property damage and raised environmental concerns due to the release of hazardous substances.","Germany","Berlin","2024-09-09","high","Environmental hazards and property damage.",52.5200,13.4050,"Industrial Accident"
"Severe Thunderstorm in Chicago","Chicago was hit by a severe thunderstorm with heavy rainfall and lightning, causing power outages and minor property damages.","United States","Chicago","2024-07-19","medium","Power outages and property damage.",41.8781,-87.6298,"Extreme Weather"
"Protests in Madrid Over High Living Costs","Residents in Madrid organized protests against the rising cost of living, demanding government intervention to make housing and essentials more affordable.","Spain","Madrid","2024-09-28","medium","Public demonstrations and minor disruptions.",40.4168,-3.7038,"Demonstration/Riot"
"Earthquake in Tokyo Metropolitan Area","A moderate earthquake with a magnitude of 5.2 struck the Tokyo Metropolitan Area, causing minor structural damages and temporary power outages.","Japan","Tokyo","2024-08-08","medium","Structural damages and power outages.",35.6895,139.6917,"Natural Disaster"
"Flooding in Sao Paulo's Urban Areas","Intense rainfall led to severe flooding in urban areas of Sao Paulo, disrupting transportation and causing significant property damage.","Brazil","Sao Paulo","2024-07-21","high","Flooded areas and transportation disruption.",-23.5505,-46.6333,"Natural Disaster"
"Terrorist Attack at Paris Metro Station","A terrorist attack targeted the Paris Metro during peak hours, causing chaos and resulting in multiple casualties among passengers.","France","Paris","2024-09-16","high","Mass casualties and transportation disruption.",48.8566,2.3522,"Terrorist Attack"
"Massive Cyberattack on New York Financial Institutions","A large-scale cyberattack compromised several financial institutions in New York, leading to temporary shutdowns and data breaches.","United States","New York","2024-10-07","high","Financial disruptions and data security concerns.",40.7128,-74.0060,"Cybersecurity Incident"
"Protests in Moscow Over Election Results","Thousands of protesters in Moscow took to the streets to challenge the recent election results, demanding transparency and fair voting practices.","Russia","Moscow","2024-08-30","medium","Public demonstrations and minor disruptions.",55.7558,37.6173,"Demonstration/Riot"
"Flooding in London After River Thames Overflow","Heavy rainfall caused the River Thames to overflow, leading to severe flooding in several districts of London and disrupting daily activities.","United Kingdom","London","2024-07-23","high","Flooded areas and infrastructure damage.",51.5074,-0.1278,"Natural Disaster"
"Explosion at Dubai Residential Building","An explosion occurred at a residential building in Dubai, resulting in multiple casualties and extensive property damage.","United Arab Emirates","Dubai","2024-09-10","high","Casualties and property damage.",25.2048,55.2708,"Terrorist Attack"
"Severe Drought in Sydney","Sydney is experiencing a severe drought, leading to water shortages and impacting agriculture. Authorities are enforcing water conservation measures.","Australia","Sydney","2024-08-05","high","Water shortages and agricultural impact.",-33.8688,151.2093,"Natural Disaster"
"Protests in Madrid Over Education Cuts","Students and educators in Madrid organized protests against recent cuts in education funding, demanding better resources and support for schools.","Spain","Madrid","2024-10-11","medium","Public demonstrations and minor disruptions.",40.4168,-3.7038,"Demonstration/Riot"
"Earthquake in Istanbul Suburbs","A minor earthquake with a magnitude of 4.5 was felt in the suburbs of Istanbul, causing slight tremors and minor structural damages.","Turkey","Istanbul","2024-07-20","low","Minor structural damages and temporary disturbances.",41.0082,28.9784,"Natural Disaster"
"Flooding in Rio de Janeiro's Coastal Areas","Continuous heavy rains caused severe flooding in the coastal areas of Rio de Janeiro, leading to submerged homes and disrupted utilities.","Brazil","Rio de Janeiro","2024-08-28","high","Flooded areas and infrastructure damage.",-22.9068,-43.1729,"Natural Disaster"
"Cyberattack Targets Sydney's Healthcare System","A cyberattack targeted Sydney's healthcare system, causing disruptions to medical services and compromising patient data.","Australia","Sydney","2024-09-05","high","Healthcare disruptions and data breaches.",-33.8688,151.2093,"Cybersecurity Incident"
"Protests in Toronto Against Tax Increases","Citizens in Toronto organized protests against recent tax increases, demanding the government reconsider its fiscal policies.","Canada","Toronto","2024-10-13","medium","Public demonstrations and minor disruptions.",43.6532,-79.3832,"Demonstration/Riot"
"Explosion at Berlin Nightclub","An explosion at a popular nightclub in Berlin resulted in multiple casualties and heightened security measures across nightlife venues.","Germany","Berlin","2024-09-19","high","Casualties and nightlife disruptions.",52.5200,13.4050,"Terrorist Attack"
"Severe Storms Cause Flooding in Houston","Severe storms brought heavy rainfall to Houston, causing widespread flooding and disrupting transportation and daily life.","United States","Houston","2024-08-15","high","Flooded areas and transportation disruption.",29.7604,-95.3698,"Extreme Weather"
"Protests in Tokyo Over Labor Conditions","Workers in Tokyo organized protests to demand better labor conditions, including fair wages and improved workplace safety.","Japan","Tokyo","2024-10-03","medium","Public demonstrations and minor disruptions.",35.6895,139.6917,"Demonstration/Riot"
"Explosion at Mumbai Train Station","An explosion occurred at a major train station in Mumbai, causing chaos and resulting in multiple casualties among commuters.","India","Mumbai","2024-09-07","high","Casualties and transportation disruption.",19.0760,72.8777,"Terrorist Attack"
"Severe Drought in Rome","Rome is experiencing a severe drought, leading to water shortages and impacting agriculture. Authorities are implementing water conservation measures.","Italy","Rome","2024-07-22","high","Water shortages and agricultural impact.",41.9028,12.4964,"Natural Disaster"
"Cyberattack Disrupts London's Financial District","A sophisticated cyberattack targeted London's financial district, causing temporary outages and raising concerns about cybersecurity.","United Kingdom","London","2024-08-19","high","Financial disruptions and data breaches.",51.5074,-0.1278,"Cybersecurity Incident"
"Protests in Sydney Against Urban Development Plans","Residents in Sydney protested against new urban development plans, demanding better housing and preservation of green spaces.","Australia","Sydney","2024-10-13","medium","Public demonstrations and minor disruptions.",-33.8688,151.2093,"Demonstration/Riot"
"Flooding in Buenos Aires After Heavy Rains","Heavy rainfall caused severe flooding in Buenos Aires, submerging streets and disrupting transportation and daily activities.","Argentina","Buenos Aires","2024-08-08","high","Flooded areas and transportation disruption.",-34.6037,-58.3816,"Natural Disaster"
"Explosion at Paris Power Plant","An explosion at a major power plant in Paris caused significant damage and disrupted electricity supply in the surrounding areas.","France","Paris","2024-09-02","high","Power outages and infrastructure damage.",48.8566,2.3522,"Industrial Accident"
"Massive Snowstorm in Moscow","Moscow was hit by a massive snowstorm, causing transportation shutdowns and power outages. Emergency services were deployed to assist affected residents.","Russia","Moscow","2024-07-18","medium","Transportation shutdowns and power outages.",55.7558,37.6173,"Extreme Weather"
"Protests in Toronto Over Healthcare Cuts","Healthcare professionals in Toronto organized protests against recent cuts in the healthcare sector, demanding increased funding and resources.","Canada","Toronto","2024-10-10","medium","Public demonstrations and minor disruptions.",43.6532,-79.3832,"Demonstration/Riot"
"Earthquake in Lima Suburbs","A minor earthquake with a magnitude of 4.3 was felt in the suburbs of Lima, causing slight tremors and minor structural damages.","Peru","Lima","2024-07-25","low","Minor structural damages and temporary disturbances.",-12.0464,-77.0428,"Natural Disaster"
"Flooding in Melbourne's Industrial Zone","Severe flooding affected Melbourne's industrial zone after continuous heavy rains, disrupting manufacturing operations and damaging equipment.","Australia","Melbourne","2024-08-28","high","Industrial disruption and property damage.",-37.8136,144.9631,"Natural Disaster"
"Protests in New York Against Tax Policies","Citizens in New York organized protests against the new tax policies, demanding more equitable taxation and economic reforms.","United States","New York","2024-09-25","medium","Public demonstrations and minor disruptions.",40.7128,-74.0060,"Demonstration/Riot"
"Explosion at Berlin Central Station","A terrorist attack targeted Berlin's Central Station during peak hours, causing chaos and resulting in multiple casualties.","Germany","Berlin","2024-09-27","high","Mass casualties and transportation disruption.",52.5200,13.4050,"Terrorist Attack"
"Cyberattack Targets Sydney's Energy Grid","A cyberattack targeted Sydney's energy grid, causing widespread power outages and raising concerns about infrastructure security.","Australia","Sydney","2024-10-10","high","Power outages and infrastructure security concerns.",-33.8688,151.2093,"Cybersecurity Incident"
"Protests in Toronto Over Healthcare Reforms","Healthcare professionals in Toronto organized protests against recent reforms, demanding better funding and resources for hospitals and clinics.","Canada","Toronto","2024-09-25","medium","Public demonstrations and minor disruptions.",43.6532,-79.3832,"Demonstration/Riot"
"Earthquake in Paris Suburbs","A minor earthquake with a magnitude of 4.2 was felt in the suburbs of Paris, causing slight tremors and minor structural damages.","France","Paris","2024-07-24","low","Minor structural damages and temporary disturbances.",48.8566,2.3522,"Natural Disaster"
"Flooding in Los Angeles's Industrial District","Heavy rains caused severe flooding in Los Angeles's industrial district, disrupting manufacturing operations and causing significant economic losses.","United States","Los Angeles","2024-08-19","high","Economic losses and infrastructure damage.",34.0522,-118.2437,"Natural Disaster"
"Explosion at Mumbai Central Mall","An explosion at Mumbai's Central Mall resulted in significant property damage and multiple casualties, leading to heightened security measures across the city.","India","Mumbai","2024-09-28","high","Casualties and property damage.",19.0760,72.8777,"Terrorist Attack"
"Severe Heatwave in Toronto","Toronto is experiencing a severe heatwave with temperatures exceeding 40째C, prompting the city to open cooling centers and issue health advisories.","Canada","Toronto","2024-07-17","medium","Health risks and increased energy usage.",43.6532,-79.3832,"Extreme Weather"
"Terrorist Attack at Sydney Opera House","A terrorist attack targeted the Sydney Opera House during a major event, causing chaos and resulting in multiple casualties.","Australia","Sydney","2024-09-22","high","Mass casualties and cultural site disruption.",-33.8688,151.2093,"Terrorist Attack"
"Protests in Madrid Over Economic Policies","Citizens in Madrid organized protests against the government's economic policies, demanding better support for small businesses and workers.","Spain","Madrid","2024-10-14","medium","Public demonstrations and minor disruptions.",40.4168,-3.7038,"Demonstration/Riot"